id,uuid,product_id,category_id,category_name,product_name,product_price,product_image,product_link,product_api_sold,product_web_sold,product_vists
136,cl9uh6hio0088upa0s2mip5ks,MLV466243071,MLV44011,"Recuerdos, Cotillón y Fiestas",Cotillones Tula Infantil Bolsos  Precio X 4 Unidades,4,http://http2.mlstatic.com/D_790031-MLV43066705823_082020-I.jpg,https://articulo.mercadolibre.com.ve/MLV-466243071-cotillones-tula-infantil-bolsos-precio-x-4-unidades-_JM,5000,20653,134
50,cl9uh126t0032upa0t2panknd,MLV464486805,MLV1648,Computación,Toner Compatible Canon Crg-128 Para Mf4770 D550 Mf4450,9.75,http://http2.mlstatic.com/D_937011-MLV31748880096_082019-I.jpg,https://articulo.mercadolibre.com.ve/MLV-464486805-toner-compatible-canon-crg-128-para-mf4770-d550-mf4450-_JM,5000,12048,288
26,cl9uh07ej001eupa07tx65dfz,MLV540098766,MLV445811,"Arte, Papelería y Mercería",Resma De Papel Carta Marca Hp 500 Hojas,5.6,http://http2.mlstatic.com/D_852718-MLV31253045079_062019-I.jpg,https://articulo.mercadolibre.com.ve/MLV-540098766-resma-de-papel-carta-marca-hp-500-hojas-_JM,5000,9157,1157
103,cl9uh5h7n0068upa0x5xtavix,MLV465204524,MLV1246,Estética y Belleza,Labial Mate Mac Maquillaje Tienda Chacao,2,http://http2.mlstatic.com/D_677132-MLV46400096728_062021-I.jpg,https://articulo.mercadolibre.com.ve/MLV-465204524-labial-mate-mac-maquillaje-tienda-chacao-_JM,5000,8347,282
49,cl9uh118l0030upa0zie4ov01,MLV464320791,MLV1648,Computación,Toner Compatible Hp Ce285a 85a Para P1102 P1102w M1132 M1212,9.75,http://http2.mlstatic.com/D_634194-MLV31748873708_082019-I.jpg,https://articulo.mercadolibre.com.ve/MLV-464320791-toner-compatible-hp-ce285a-85a-para-p1102-p1102w-m1132-m1212-_JM,5000,7255,427
30,cl9uh0bum001mupa08rxtymb6,MLV481991253,MLV445811,"Arte, Papelería y Mercería",Tirro Cinta De Embalar 100 Mts Transparente Alta Resistencia,2,http://http2.mlstatic.com/D_920886-MLV49984065477_052022-I.jpg,https://articulo.mercadolibre.com.ve/MLV-481991253-tirro-cinta-de-embalar-100-mts-transparente-alta-resistencia-_JM,5000,7077,158
60,cl9uh2t4l003oupa0nn2hofvn,MLV464504343,MLV1648,Computación,Toner Compatible Samsung 111s Mlt-d111s M2020 M2070  D111,13,http://http2.mlstatic.com/D_967149-MLV31247600096_062019-I.jpg,https://articulo.mercadolibre.com.ve/MLV-464504343-toner-compatible-samsung-111s-mlt-d111s-m2020-m2070-d111-_JM,5000,6672,156
56,cl9uh2q6l003gupa08im1i1dt,MLV461492506,MLV1648,Computación,Toner Compatible Samsung 101 Mlt-d101s Ml-2165 Scx-3405 2160,13,http://http2.mlstatic.com/D_691164-MLV31720034539_082019-I.jpg,https://articulo.mercadolibre.com.ve/MLV-461492506-toner-compatible-samsung-101-mlt-d101s-ml-2165-scx-3405-2160-_JM,5000,5818,222
121,cl9uh5zum007cupa0pg076g56,MLV465444174,MLV1499,Industrias,100 Laminas De Plastificar Carnet Cedula 175 Micrones 65x90,3.79,http://http2.mlstatic.com/D_748963-MLV45593031574_042021-I.jpg,https://articulo.mercadolibre.com.ve/MLV-465444174-100-laminas-de-plastificar-carnet-cedula-175-micrones-65x90-_JM,5000,5239,200
58,cl9uh2rmk003kupa01u5ldyac,MLV464486812,MLV1648,Computación,Toner Compatible Hp Q2612a (12a) Para 1010 1012 1018 1020,9,http://http2.mlstatic.com/D_733938-MLV31748876747_082019-I.jpg,https://articulo.mercadolibre.com.ve/MLV-464486812-toner-compatible-hp-q2612a-12a-para-1010-1012-1018-1020-_JM,5000,5224,176
55,cl9uh16zo003eupa01b8b03ve,MLV460871389,MLV1648,Computación,Cinta Compatible Epson 8750 Lx-300 Lx300 Fx-870 880 Ap300,2.4,http://http2.mlstatic.com/D_670921-MLV31247134939_062019-I.jpg,https://articulo.mercadolibre.com.ve/MLV-460871389-cinta-compatible-epson-8750-lx-300-lx300-fx-870-880-ap300-_JM,500,4994,105
57,cl9uh2qy8003iupa0kjvjpu41,MLV499900092,MLV1648,Computación,Case Externo 2.5 Disco Duro Laptop Sata Usb 2.0 Enclosure,5.99,http://http2.mlstatic.com/D_812931-MLV49205397544_022022-I.jpg,https://articulo.mercadolibre.com.ve/MLV-499900092-case-externo-25-disco-duro-laptop-sata-usb-20-enclosure-_JM,500,4709,694
20,cl9ugq9lr0012upb4r9d267dq,MLV480713507,MLV1071,Animales y Mascotas,Arena Gatos Just Cat Litter 100 % Bentonita Canadiense 18 Kg,30,http://http2.mlstatic.com/D_902540-MLV42945087555_072020-I.jpg,https://articulo.mercadolibre.com.ve/MLV-480713507-arena-gatos-just-cat-litter-100-bentonita-canadiense-18-kg-_JM,500,4371,473
18,cl9ugq6jm000yupb46ljrp6ms,MLV709902844,MLV442454,Agro,Aislador Paso Cuadrado Intermedio Cerco Eléctrico 100 Unidad,9,http://http2.mlstatic.com/D_803684-MLV27464503112_052018-I.jpg,https://articulo.mercadolibre.com.ve/MLV-709902844-aislador-paso-cuadrado-intermedio-cerco-electrico-100-unidad-_JM,500,4251,62
38,cl9uh0ii00022upa0vgzfo4az,MLV469096878,MLV445811,"Arte, Papelería y Mercería",Sellos Automatico Garantia 3años!(tienda)entrega Mismo Dia  ,8,http://http2.mlstatic.com/D_983981-MLV47011465089_082021-I.jpg,https://articulo.mercadolibre.com.ve/MLV-469096878-sellos-automatico-garantia-3anostiendaentrega-mismo-dia-_JM,500,4052,169
47,cl9uh0vut002oupa0pxx26ayh,MLV464400831,MLV1648,Computación,Pendrive 32 Gb Kingston Usb Laptop Pc Musica Peliculas,3.99,http://http2.mlstatic.com/D_683458-MLV52062131064_102022-I.jpg,https://articulo.mercadolibre.com.ve/MLV-464400831-pendrive-32-gb-kingston-usb-laptop-pc-musica-peliculas-_JM,500,3925,878
36,cl9uh0h3f001yupa0cy9kewpm,MLV481991400,MLV445811,"Arte, Papelería y Mercería",Tirro Cinta De Embalar 100 Mts  Marron  Alta  Resistencia,2,http://http2.mlstatic.com/D_648768-MLV32034853649_092019-I.jpg,https://articulo.mercadolibre.com.ve/MLV-481991400-tirro-cinta-de-embalar-100-mts-marron-alta-resistencia-_JM,500,3617,74
102,cl9uh5fs10064upa0shm4rhzj,MLV490287968,MLV1246,Estética y Belleza,Mascarilla Pilaten Puntos Negros Maquillaje Tienda,2,http://http2.mlstatic.com/D_722749-MLV46825224928_072021-I.jpg,https://articulo.mercadolibre.com.ve/MLV-490287968-mascarilla-pilaten-puntos-negros-maquillaje-tienda-_JM,500,3616,239
29,cl9uh0ayt001kupa0wh4ejc2p,MLV706105753,MLV445811,"Arte, Papelería y Mercería",Papel Fotográfico Inkjet Jojo  240 Gr ,2.99,http://http2.mlstatic.com/D_917531-MLV44584016534_012021-I.jpg,https://articulo.mercadolibre.com.ve/MLV-706105753-papel-fotografico-inkjet-jojo-240-gr-_JM,500,3479,207
123,cl9uh61fm007gupa0z69y0bun,MLV466617850,MLV1499,Industrias,Kit De Cilindro Y Cuchilla Gpr 22 Ir 1023 1025 1019 1022,7.5,http://http2.mlstatic.com/D_759237-MLV31247831092_062019-I.jpg,https://articulo.mercadolibre.com.ve/MLV-466617850-kit-de-cilindro-y-cuchilla-gpr-22-ir-1023-1025-1019-1022-_JM,500,3292,145
25,cl9uh06ah001cupa0hh1yiyx3,MLV705348657,MLV445811,"Arte, Papelería y Mercería",Papel Fotográfico Inkjet Jojo 180 Gr (20 Hojas),2,http://http2.mlstatic.com/D_777977-MLV50329994887_062022-I.jpg,https://articulo.mercadolibre.com.ve/MLV-705348657-papel-fotografico-inkjet-jojo-180-gr-20-hojas-_JM,500,3110,470
28,cl9uh09zo001iupa0sk0r4dv4,MLV709150660,MLV445811,"Arte, Papelería y Mercería",Papel Fotográfico Inkjet Jojo  210 Gr ,2.25,http://http2.mlstatic.com/D_885853-MLV48926476290_012022-I.jpg,https://articulo.mercadolibre.com.ve/MLV-709150660-papel-fotografico-inkjet-jojo-210-gr-_JM,500,2708,114
39,cl9uh0jch0024upa0347qufal,MLV465271170,MLV445811,"Arte, Papelería y Mercería",Papel Autoadhesivo Calcomania Etiqueta Tamaño Carta 100hojas,9.5,http://http2.mlstatic.com/D_624064-MLV47177792898_082021-I.jpg,https://articulo.mercadolibre.com.ve/MLV-465271170-papel-autoadhesivo-calcomania-etiqueta-tamano-carta-100hojas-_JM,500,2605,178
62,cl9uh2uh6003supa0z2f660vh,MLV464910455,MLV1648,Computación,Toner Hp 100% Compatible 35a 36a 85a P1005 P1102w P1505,9.49,http://http2.mlstatic.com/D_872461-MLV49831207037_052022-I.jpg,https://articulo.mercadolibre.com.ve/MLV-464910455-toner-hp-100-compatible-35a-36a-85a-p1005-p1102w-p1505-_JM,500,2420,104
33,cl9uh0el1001supa0ezt8g7d4,MLV490117871,MLV445811,"Arte, Papelería y Mercería",Tirros Cinta De Embalar En Colores 100mts Extra Fuerte ,2.4,http://http2.mlstatic.com/D_764239-MLV31248927856_062019-I.jpg,https://articulo.mercadolibre.com.ve/MLV-490117871-tirros-cinta-de-embalar-en-colores-100mts-extra-fuerte-_JM,500,2314,96
73,cl9uh36ey004gupa0vfa2rqry,MLV545935765,MLV5726,Electrodomésticos,Balanza Digital Peso De Cocina Portatil 10kg Incluye Bateria,5,http://http2.mlstatic.com/D_654619-MLV32008443580_082019-I.jpg,https://articulo.mercadolibre.com.ve/MLV-545935765-balanza-digital-peso-de-cocina-portatil-10kg-incluye-bateria-_JM,500,2267,438
137,cl9uh6itj008aupa010885lob,MLV499899407,MLV3937,"Relojes, Joyas y Bisutería",Reloj Inteligente Touch Smartwatch D20 Bluetooh Android,7,http://http2.mlstatic.com/D_826216-MLV51743350137_092022-I.jpg,https://articulo.mercadolibre.com.ve/MLV-499899407-reloj-inteligente-touch-smartwatch-d20-bluetooh-android-_JM,500,2265,1035
116,cl9uh5uh10070upa0l3yrsn3e,MLV707360161,MLV1574,Hogar y Muebles,Cinta Led Carrete De Luz Led De 5 Metros Rbg Con Su Control,5.98,http://http2.mlstatic.com/D_960756-MLV48529219706_122021-I.jpg,https://articulo.mercadolibre.com.ve/MLV-707360161-cinta-led-carrete-de-luz-led-de-5-metros-rbg-con-su-control-_JM,500,,1972
31,cl9uh0cu7001oupa0ibc7o6xn,MLV566195400,MLV445811,"Arte, Papelería y Mercería",Caja De Resma De Papel Carta Marca Hp 500 Hojas,56,http://http2.mlstatic.com/D_852718-MLV31253045079_062019-I.jpg,https://articulo.mercadolibre.com.ve/MLV-566195400-caja-de-resma-de-papel-carta-marca-hp-500-hojas-_JM,500,2064,410
145,cl9uh6qoy008qupa0gtvtckcd,MLV498723148,MLV1430,"Ropa, Zapatos y Accesorios",Gorras Negras Unicolor  Para Bordar  (somos Tienda Física ),3,http://http2.mlstatic.com/D_868146-MLV41782368839_052020-I.jpg,https://articulo.mercadolibre.com.ve/MLV-498723148-gorras-negras-unicolor-para-bordar-somos-tienda-fisica--_JM,500,2008,617
27,cl9uh08nf001gupa0b1em270u,MLV487835662,MLV445811,"Arte, Papelería y Mercería",Cartulina Opalina Blanca 200grs. Tamaño Carta ,6.5,http://http2.mlstatic.com/D_969592-MLV47177794917_082021-I.jpg,https://articulo.mercadolibre.com.ve/MLV-487835662-cartulina-opalina-blanca-200grs-tamano-carta-_JM,500,1959,372
9,cl9ugodtn000gupb4wheb8o8c,MLV565694384,MLV1747,Accesorios para Vehículos,Aceite Mineral 20w50. Tienda Fisica Plaza Vzla!!!,5.5,http://http2.mlstatic.com/D_942388-MLV52169566382_102022-I.jpg,https://articulo.mercadolibre.com.ve/MLV-565694384-aceite-mineral-20w50-tienda-fisica-plaza-vzla-_JM,500,1933,432
94,cl9uh57re005mupa0z8kohnqy,MLV530484052,MLV1000,"Electrónica, Audio y Video",Audífono Bluetooth Hbq I7 Manos Libres AirPods Wireless 2,7,http://http2.mlstatic.com/D_626511-MLV47443569573_092021-I.jpg,https://articulo.mercadolibre.com.ve/MLV-530484052-audifono-bluetooth-hbq-i7-manos-libres-airpods-wireless-2-_JM,500,1886,618
106,cl9uh5jq1006eupa0jvujnbqm,MLV504795780,MLV1246,Estética y Belleza,Maquina Wahl De Afeitar Cabello Pelo Made In Usa Marca Wahl,16,http://http2.mlstatic.com/D_835823-MLV31249935850_062019-I.jpg,https://articulo.mercadolibre.com.ve/MLV-504795780-maquina-wahl-de-afeitar-cabello-pelo-made-in-usa-marca-wahl-_JM,500,1885,305
61,cl9uh2ttr003qupa0if8cntrj,MLV466264766,MLV1648,Computación,Polvo Impresora 1 Kg Hp 35a 36a 78a 85a Canon 128 4450 4770,15,http://http2.mlstatic.com/D_912852-MLV51636123642_092022-I.jpg,https://articulo.mercadolibre.com.ve/MLV-466264766-polvo-impresora-1-kg-hp-35a-36a-78a-85a-canon-128-4450-4770-_JM,500,1870,117
127,cl9uh64cq007oupa0vugixt9v,MLV464093864,MLV1499,Industrias,Kit De Cilindro Y Cuchilla Gpr 22 Ir 1023 1025 1019 1021,6.99,http://http2.mlstatic.com/D_734542-MLV47073102714_082021-I.jpg,https://articulo.mercadolibre.com.ve/MLV-464093864-kit-de-cilindro-y-cuchilla-gpr-22-ir-1023-1025-1019-1021-_JM,500,1835,83
122,cl9uh60nw007eupa0jhwmxgqt,MLV535690306,MLV1499,Industrias,Bolsas Plásticas Boutique 20x30 100unid Iva Incluido,6,http://http2.mlstatic.com/D_848087-MLV46640066706_072021-I.jpg,https://articulo.mercadolibre.com.ve/MLV-535690306-bolsas-plasticas-boutique-20x30-100unid-iva-incluido-_JM,500,1666,172
34,cl9uh0fjr001uupa0fk8bw1cy,MLV540099572,MLV445811,"Arte, Papelería y Mercería",Resma De Papel Marca Hp Tamaño Oficio 500 Hojas,7.5,http://http2.mlstatic.com/D_847775-MLV32124732999_092019-I.jpg,https://articulo.mercadolibre.com.ve/MLV-540099572-resma-de-papel-marca-hp-tamano-oficio-500-hojas-_JM,500,1665,254
134,cl9uh6ari0084upa0in98sgg8,MLV475308224,MLV1499,Industrias,100 Laminas De Plastificar Gruesa Cedulas 175 Micrones 65x90,3.4,http://http2.mlstatic.com/D_755604-MLV46099332262_052021-I.jpg,https://articulo.mercadolibre.com.ve/MLV-475308224-100-laminas-de-plastificar-gruesa-cedulas-175-micrones-65x90-_JM,500,1601,76
130,cl9uh67js007wupa0iwmdfzlw,MLV474014619,MLV1499,Industrias,Laminas De Plastificar 175 Micrones 75x105 Mm Gruesas,5.8,http://http2.mlstatic.com/D_623169-MLV45519069316_042021-I.jpg,https://articulo.mercadolibre.com.ve/MLV-474014619-laminas-de-plastificar-175-micrones-75x105-mm-gruesas-_JM,500,1579,63
76,cl9uh39zb004mupa02vn8uvrf,MLV553412868,MLV5726,Electrodomésticos,Dispensador De Agua Botellon Electrico Bomba ,5.99,http://http2.mlstatic.com/D_633816-MLV47636733489_092021-I.jpg,https://articulo.mercadolibre.com.ve/MLV-553412868-dispensador-de-agua-botellon-electrico-bomba-_JM,500,1563,486
51,cl9uh12wi0034upa0r4xdd34p,MLV491816920,MLV1648,Computación,Router Tp-link 450mbps Wifi 3 Antenas Inalambrico Tl-wr940n,36,http://http2.mlstatic.com/D_676711-MLV31249016471_062019-I.jpg,https://articulo.mercadolibre.com.ve/MLV-491816920-router-tp-link-450mbps-wifi-3-antenas-inalambrico-tl-wr940n-_JM,500,1487,959
4,cl9ugo9s70006upb44ffoq858,MLV504629192,MLV1747,Accesorios para Vehículos,Reproductor Pioneer Bluetooth De Carro Mp3 Usb Radio Control,25,http://http2.mlstatic.com/D_759119-MLV50913862081_072022-I.jpg,https://articulo.mercadolibre.com.ve/MLV-504629192-reproductor-pioneer-bluetooth-de-carro-mp3-usb-radio-control-_JM,500,1430,1788
53,cl9uh15ef003aupa0vrw9y58k,MLV517160946,MLV1648,Computación,Disco Duro  De 500gb 3.5 Sata 7200rpm Sellado !! Oferta !!,20,http://http2.mlstatic.com/D_697403-MLA51293389960_082022-I.jpg,https://articulo.mercadolibre.com.ve/MLV-517160946-disco-duro-de-500gb-35-sata-7200rpm-sellado-oferta--_JM,500,1401,649
42,cl9uh0nlk002aupa0ox3d241r,MLV464013493,MLV1039,Cámaras y Accesorios,Micro Sd 32gb Kingston Clase 10 En Blister # 100 Original,4.95,http://http2.mlstatic.com/D_981341-MLV51947916208_102022-I.jpg,https://articulo.mercadolibre.com.ve/MLV-464013493-micro-sd-32gb-kingston-clase-10-en-blister-100-original-_JM,500,1390,696
48,cl9uh0wjx002qupa04s8sb5yn,MLV469779042,MLV1648,Computación,Memoria 2gb Ddr2 800 Compatible 667 533  Intel Amd Mac Nueva,9.5,http://http2.mlstatic.com/D_884851-MLV51378680928_092022-I.jpg,https://articulo.mercadolibre.com.ve/MLV-469779042-memoria-2gb-ddr2-800-compatible-667-533-intel-amd-mac-nueva-_JM,500,1346,373
126,cl9uh63jx007mupa0d70u3wa6,MLV467599688,MLV1499,Industrias,Laminas Para Plastificar Tamaño Carta 175 Micrones 230x300mm,11.99,http://http2.mlstatic.com/D_659661-MLV45518710372_042021-I.jpg,https://articulo.mercadolibre.com.ve/MLV-467599688-laminas-para-plastificar-tamano-carta-175-micrones-230x300mm-_JM,500,1321,85
85,cl9uh3ike0054upa02yfqw0lg,MLV581851308,MLV1000,"Electrónica, Audio y Video",Audífonos Inalámbricos  F9 5c Tws Bluetooth 5.0 + Powerbank,9.99,http://http2.mlstatic.com/D_939492-MLV50878588921_072022-I.jpg,https://articulo.mercadolibre.com.ve/MLV-581851308-audifonos-inalambricos-f9-5c-tws-bluetooth-50-powerbank-_JM,500,1280,1409
89,cl9uh3ltj005cupa0td7jkquj,MLV578538286,MLV1000,"Electrónica, Audio y Video",Audífonos Inalámbricos Bluetooth 5.0+ Powerbank + Sonido A1,12.99,http://http2.mlstatic.com/D_812623-MLV48046272234_102021-I.jpg,https://articulo.mercadolibre.com.ve/MLV-578538286-audifonos-inalambricos-bluetooth-50-powerbank-sonido-a1-_JM,500,1267,1023
114,cl9uh5rl5006wupa0uywjofaf,MLV477601885,MLV424985,Herramientas,Kit Destornilladores 31 Piezas Celular Samsung iPhone Set,2.99,http://http2.mlstatic.com/D_993480-MLV31248318033_062019-I.jpg,https://articulo.mercadolibre.com.ve/MLV-477601885-kit-destornilladores-31-piezas-celular-samsung-iphone-set-_JM,500,1263,218
21,cl9ugqaat0014upb4zhqtyr17,MLV471442529,MLV1071,Animales y Mascotas,Arenero O Baños Para Gatos Comfy Cats Importado,22,http://http2.mlstatic.com/D_839596-MLV47789645808_102021-I.jpg,https://articulo.mercadolibre.com.ve/MLV-471442529-arenero-o-banos-para-gatos-comfy-cats-importado-_JM,500,1244,283
6,cl9ugobcn000aupb4w5eptuoo,MLV503573654,MLV1747,Accesorios para Vehículos,Medidor Voltimetro Digital Led Universal 12v 24v Para Carro,3,http://http2.mlstatic.com/D_997874-MLV31370501562_072019-I.jpg,https://articulo.mercadolibre.com.ve/MLV-503573654-medidor-voltimetro-digital-led-universal-12v-24v-para-carro-_JM,500,1208,208
75,cl9uh38sq004kupa0kq0umq5d,MLV574040729,MLV5726,Electrodomésticos,Dispensador De Agua Electrico Para Botellon Usb Recargable ,5.99,http://http2.mlstatic.com/D_984836-MLV51884024791_102022-I.jpg,https://articulo.mercadolibre.com.ve/MLV-574040729-dispensador-de-agua-electrico-para-botellon-usb-recargable-_JM,500,1162,845
1,cl9ugo7dd0000upb45m795bj8,MLV578700176,MLV1747,Accesorios para Vehículos,Silicon Gris Alta Temperatura Mega Grey Americano Usa 85g,5,http://http2.mlstatic.com/D_951418-MLV49910549275_052022-I.jpg,https://articulo.mercadolibre.com.ve/MLV-578700176-silicon-gris-alta-temperatura-mega-grey-americano-usa-85g-_JM,500,1153,2142
148,cl9uh6sxc008wupa0kpiy0v3i,MLV559419307,MLV1430,"Ropa, Zapatos y Accesorios",Leggins Licra Unicolor Importados Tela Gruesa ,4,http://http2.mlstatic.com/D_973996-MLV48818263068_012022-I.jpg,https://articulo.mercadolibre.com.ve/MLV-559419307-leggins-licra-unicolor-importados-tela-gruesa-_JM,500,1110,240
32,cl9uh0dtz001qupa0ubfvoxp2,MLV581864046,MLV445811,"Arte, Papelería y Mercería",Trapillo Bola De 1 Kg Todos Los Colores,5,http://http2.mlstatic.com/D_625673-MLV50982652660_082022-I.jpg,https://articulo.mercadolibre.com.ve/MLV-581864046-trapillo-bola-de-1-kg-todos-los-colores-_JM,500,1108,158
7,cl9ugoc3v000cupb4rzxockbt,MLV575195319,MLV1747,Accesorios para Vehículos,Aceite Semisintetico 15w40. Tienda Fisica Plaza Vzla!!!,10.1,http://http2.mlstatic.com/D_973882-MLV49523478250_032022-I.jpg,https://articulo.mercadolibre.com.ve/MLV-575195319-aceite-semisintetico-15w40-tienda-fisica-plaza-vzla-_JM,500,1105,750
118,cl9uh5w590074upa0q6o79eal,MLV580055353,MLV1574,Hogar y Muebles,Control Codiplug Unik Saw Novus Para Portón Eléctrico,10.5,http://http2.mlstatic.com/D_721359-MLV49871984916_052022-I.jpg,https://articulo.mercadolibre.com.ve/MLV-580055353-control-codiplug-unik-saw-novus-para-porton-electrico-_JM,500,1099,555
143,cl9uh6p2c008mupa0n3tcibaq,MLV558492487,MLV1430,"Ropa, Zapatos y Accesorios",Botas De Goma Pvc Dunlop K680011 Dane Verde Alta 38 - 46,15,http://http2.mlstatic.com/D_711049-MLV41349841794_042020-I.jpg,https://articulo.mercadolibre.com.ve/MLV-558492487-botas-de-goma-pvc-dunlop-k680011-dane-verde-alta-38-46-_JM,500,1092,574
117,cl9uh5vf10072upa0bioj7fos,MLV709714155,MLV1574,Hogar y Muebles,Lamparas Led Reflector 50w,3.49,http://http2.mlstatic.com/D_609262-MLV48985621344_012022-I.jpg,https://articulo.mercadolibre.com.ve/MLV-709714155-lamparas-led-reflector-50w-_JM,500,1084,913
111,cl9uh5p83006qupa02cllc76r,MLV481350715,MLV424985,Herramientas,Tester Multimetro Profesional Pantalla Digital Oferta,8.75,http://http2.mlstatic.com/D_751264-MLV51195868657_082022-I.jpg,https://articulo.mercadolibre.com.ve/MLV-481350715-tester-multimetro-profesional-pantalla-digital-oferta-_JM,500,1039,482
17,cl9ugq5p9000wupb4nzv9a87d,MLV545408777,MLV442454,Agro,"Bomba De Agua Pedrollo Periferica 1/2 Hp, 110 Voltios Italy",110,http://http2.mlstatic.com/D_985202-MLV31252110610_062019-I.jpg,https://articulo.mercadolibre.com.ve/MLV-545408777-bomba-de-agua-pedrollo-periferica-12-hp-110-voltios-italy-_JM,500,1037,141
59,cl9uh2sd4003mupa06dc4cucj,MLV573620270,MLV1648,Computación,Cartuchos Hp 901 664 662 122 21 22 74 75 27 28 56 57 60 61 ,11,http://http2.mlstatic.com/D_793431-MLV50580873892_072022-I.jpg,https://articulo.mercadolibre.com.ve/MLV-573620270-cartuchos-hp-901-664-662-122-21-22-74-75-27-28-56-57-60-61-_JM,500,1011,506
12,cl9ugpy93000mupb4k1ljusps,MLV473909160,MLV1747,Accesorios para Vehículos,Valvula Del Minimo Iac Optra Design Advance Aveo Corsa Cielo,10,http://http2.mlstatic.com/D_642323-MLV42316551163_062020-I.jpg,https://articulo.mercadolibre.com.ve/MLV-473909160-valvula-del-minimo-iac-optra-design-advance-aveo-corsa-cielo-_JM,500,975,467
124,cl9uh626k007iupa03xjudalc,MLV479127749,MLV1499,Industrias,Kit Cilindro Y Cuchilla Ricoh 1015 1018 1500 2020 2000,10.5,http://http2.mlstatic.com/D_608031-MLV31248345052_062019-I.jpg,https://articulo.mercadolibre.com.ve/MLV-479127749-kit-cilindro-y-cuchilla-ricoh-1015-1018-1500-2020-2000-_JM,500,948,83
104,cl9uh5i5h006aupa0xakfkly4,MLV490108303,MLV1246,Estética y Belleza,Mascarilla Colageno Ojos Ojeras Quita Bolsas Pilaten Chacao,2,http://http2.mlstatic.com/D_768234-MLV48700132916_122021-I.jpg,https://articulo.mercadolibre.com.ve/MLV-490108303-mascarilla-colageno-ojos-ojeras-quita-bolsas-pilaten-chacao-_JM,500,937,317
144,cl9uh6pwi008oupa0bx9tgwrp,MLV711088601,MLV1430,"Ropa, Zapatos y Accesorios",Bolso Bandolero Cruzado,4.5,http://http2.mlstatic.com/D_946406-MLV52062481258_102022-I.jpg,https://articulo.mercadolibre.com.ve/MLV-711088601-bolso-bandolero-cruzado-_JM,500,913,1304
54,cl9uh163i003cupa01bo1yh2a,MLV559511805,MLV1648,Computación,Toner Compatible Hp 105a Para W1105a 107w 107a 135a 135w,15.5,http://http2.mlstatic.com/D_806909-MLV46076614055_052021-I.jpg,https://articulo.mercadolibre.com.ve/MLV-559511805-toner-compatible-hp-105a-para-w1105a-107w-107a-135a-135w-_JM,500,905,305
35,cl9uh0g92001wupa0o4w9qj2o,MLV488000898,MLV445811,"Arte, Papelería y Mercería",Cartulina Opalina Blanca 210grs. Tamaño Oficio,6.6,http://http2.mlstatic.com/D_653136-MLV42836980981_072020-I.jpg,https://articulo.mercadolibre.com.ve/MLV-488000898-cartulina-opalina-blanca-210grs-tamano-oficio-_JM,500,898,108
45,cl9uh0q80002gupa0fep4t0z4,MLV469742285,MLV1039,Cámaras y Accesorios,Memoria Micro Sd Hc 32gb Kingston Clase 10 Original Sellada.,5,http://http2.mlstatic.com/D_974990-MLV42718538938_072020-I.jpg,https://articulo.mercadolibre.com.ve/MLV-469742285-memoria-micro-sd-hc-32gb-kingston-clase-10-original-sellada-_JM,500,896,125
81,cl9uh3eks004wupa0ntoiu624,MLV579029635,MLV5726,Electrodomésticos,Vaso De Licuadora De Vidrio Oster,5.99,http://http2.mlstatic.com/D_611897-MLV41145121965_032020-I.jpg,https://articulo.mercadolibre.com.ve/MLV-579029635-vaso-de-licuadora-de-vidrio-oster-_JM,500,869,234
8,cl9ugocxy000eupb43al2gn86,MLV560951223,MLV1747,Accesorios para Vehículos,Aceite Caja Cvtf 4 Mopar Jeep Compass Patriot Dodge Caliber,13,http://http2.mlstatic.com/D_688586-MLV50865462700_072022-I.jpg,https://articulo.mercadolibre.com.ve/MLV-560951223-aceite-caja-cvtf-4-mopar-jeep-compass-patriot-dodge-caliber-_JM,500,857,221
71,cl9uh33uz004cupa025bcc88f,MLV501377592,MLV1276,Deportes y Fitness,Vaso Contigo Byron 20oz Por Scubafoto,20,http://http2.mlstatic.com/D_804161-MLV52128818576_102022-I.jpg,https://articulo.mercadolibre.com.ve/MLV-501377592-vaso-contigo-byron-20oz-por-scubafoto-_JM,500,856,564
101,cl9uh5evh0062upa0llwq4vbo,MLV549684579,MLV1246,Estética y Belleza,Corrector De Postura Y Espalda 100% Ajustable,10,http://http2.mlstatic.com/D_812156-MLV43680485289_102020-I.jpg,https://articulo.mercadolibre.com.ve/MLV-549684579-corrector-de-postura-y-espalda-100-ajustable-_JM,500,853,606
83,cl9uh3g880050upa0k96fxd08,MLV517930204,MLV5726,Electrodomésticos,Cuchilla Oster + Dado Acople,5,http://http2.mlstatic.com/D_643276-MLV50546369787_072022-I.jpg,https://articulo.mercadolibre.com.ve/MLV-517930204-cuchilla-oster-dado-acople-_JM,500,853,193
2,cl9ugo8650002upb4r1tqyc36,MLV715095898,MLV1747,Accesorios para Vehículos,Cepillo Limpia Parabrisas Universal Variedad De Medidas ,2,http://http2.mlstatic.com/D_733341-MLV49808960162_042022-I.jpg,https://articulo.mercadolibre.com.ve/MLV-715095898-cepillo-limpia-parabrisas-universal-variedad-de-medidas-_JM,500,852,2883
131,cl9uh688c007yupa0xb57qech,MLV575728167,MLV1499,Industrias,"Tapabocas Kn95 Negras Originales, Al Mayor Y Al Detal ",2.5,http://http2.mlstatic.com/D_918525-MLV51388427253_092022-I.jpg,https://articulo.mercadolibre.com.ve/MLV-575728167-tapabocas-kn95-negras-originales-al-mayor-y-al-detal-_JM,500,850,132
52,cl9uh14nz0038upa0p4x4hefj,MLV560474244,MLV1648,Computación,Cartuchos Hp 664 662 667 122 74 75 61 901 60 21 22 670 675 ,11,http://http2.mlstatic.com/D_847845-MLV48860817557_012022-I.jpg,https://articulo.mercadolibre.com.ve/MLV-560474244-cartuchos-hp-664-662-667-122-74-75-61-901-60-21-22-670-675-_JM,500,847,912
142,cl9uh6oat008kupa092rccco7,MLV719070151,MLV1430,"Ropa, Zapatos y Accesorios",Bolso Morral Mochila,7.99,http://http2.mlstatic.com/D_907147-MLV51961807242_102022-I.jpg,https://articulo.mercadolibre.com.ve/MLV-719070151-bolso-morral-mochila-_JM,500,825,2037
150,cl9uh6udb0090upa05euhxgfg,MLV515047986,MLV1430,"Ropa, Zapatos y Accesorios",Mono Jogger Caballero ,10,http://http2.mlstatic.com/D_601626-MLV43572527013_092020-I.jpg,https://articulo.mercadolibre.com.ve/MLV-515047986-mono-jogger-caballero-_JM,500,797,304
92,cl9uh3o19005iupa0ud0yg8th,MLV710277851,MLV1000,"Electrónica, Audio y Video",Audífonos Inalámbricos F9 Bluetooth 5.0 + Power Bank,9.99,http://http2.mlstatic.com/D_974979-MLV52064510684_102022-I.jpg,https://articulo.mercadolibre.com.ve/MLV-710277851-audifonos-inalambricos-f9-bluetooth-50-power-bank-_JM,500,794,2208
19,cl9ugq8rq0010upb4qlybpt1o,MLV477743228,MLV1071,Animales y Mascotas,"Kennel Moderna Roadrunner 1,puerta Plas Perros Hasta 5 Kilos",20,http://http2.mlstatic.com/D_814125-MLV25367517719_022017-I.jpg,https://articulo.mercadolibre.com.ve/MLV-477743228-kennel-moderna-roadrunner-1puerta-plas-perros-hasta-5-kilos-_JM,500,794,413
41,cl9uh0lh60028upa0696qnv24,MLV550746003,MLV445811,"Arte, Papelería y Mercería",Resma De Hojas Tamaño Carta Por Caja,54,http://http2.mlstatic.com/D_699387-MLV51935786881_102022-I.jpg,https://articulo.mercadolibre.com.ve/MLV-550746003-resma-de-hojas-tamano-carta-por-caja-_JM,500,769,328
133,cl9uh69zr0082upa0gqhj05bu,MLV575728066,MLV1499,Industrias,"Tapabocas Kn95 Clásicas, 5 Capas Originales",2,http://http2.mlstatic.com/D_985747-MLV50482009947_062022-I.jpg,https://articulo.mercadolibre.com.ve/MLV-575728066-tapabocas-kn95-clasicas-5-capas-originales-_JM,500,763,93
115,cl9uh5ti7006yupa0n8a3561y,MLV577587765,MLV1574,Hogar y Muebles,Metylosa Pega Papel Tapiz Supergel (metylan) Original100%,6,http://http2.mlstatic.com/D_600784-MLV42791530025_072020-I.jpg,https://articulo.mercadolibre.com.ve/MLV-577587765-metylosa-pega-papel-tapiz-supergel-metylan-original100-_JM,500,724,275
100,cl9uh5e2m0060upa0ghstmw9d,MLV571842719,MLV1246,Estética y Belleza,Medias De Compresion Unisex 15 20 Mmhg,5.5,http://http2.mlstatic.com/D_717940-MLV43232000241_082020-I.jpg,https://articulo.mercadolibre.com.ve/MLV-571842719-medias-de-compresion-unisex-15-20-mmhg-_JM,500,709,216
46,cl9uh0v3p002mupa0nczvbpsw,MLV575066909,MLV1648,Computación,Disco Duro Ssd De 120gb 2.5 ,16.95,http://http2.mlstatic.com/D_861548-MLA51719754719_092022-I.jpg,https://articulo.mercadolibre.com.ve/MLV-575066909-disco-duro-ssd-de-120gb-25-_JM,500,705,273
63,cl9uh2vzj003wupa0moclmxr8,MLV511064707,MLV1648,Computación,Cargador Laptop Universal De 12 A 24v Hp Sony Lenovo ,8.8,http://http2.mlstatic.com/D_957441-MLV31250367427_062019-I.jpg,https://articulo.mercadolibre.com.ve/MLV-511064707-cargador-laptop-universal-de-12-a-24v-hp-sony-lenovo-_JM,500,702,148
3,cl9ugo92g0004upb417xgv0ju,MLV563713075,MLV1747,Accesorios para Vehículos,Pila Bomba Gasolina Univer Aveo Optra Corsa Palio Spark ,10,http://http2.mlstatic.com/D_813040-MLV49838006484_052022-I.jpg,https://articulo.mercadolibre.com.ve/MLV-563713075-pila-bomba-gasolina-univer-aveo-optra-corsa-palio-spark-_JM,500,700,636
70,cl9uh3335004aupa0yxda4jot,MLV557038459,MLV1276,Deportes y Fitness,Vaso Contigo Byron24oz Por Scubafoto,20,http://http2.mlstatic.com/D_737912-MLV50622535473_072022-I.jpg,https://articulo.mercadolibre.com.ve/MLV-557038459-vaso-contigo-byron24oz-por-scubafoto-_JM,500,693,803
16,cl9ugq4at000uupb4et3e9e5r,MLV470484751,MLV1747,Accesorios para Vehículos,Cornetas Pioneer 6x9 Ts-a6995s 600w 5 Vias Originales,32,http://http2.mlstatic.com/D_968032-MLV50745095467_072022-I.jpg,https://articulo.mercadolibre.com.ve/MLV-470484751-cornetas-pioneer-6x9-ts-a6995s-600w-5-vias-originales-_JM,500,691,290
112,cl9uh5pw3006supa0djh8p9m6,MLV537042295,MLV424985,Herramientas,Cautin De Soldar De 40w 110v,2,http://http2.mlstatic.com/D_683778-MLV40573408532_012020-I.jpg,https://articulo.mercadolibre.com.ve/MLV-537042295-cautin-de-soldar-de-40w-110v-_JM,500,690,295
80,cl9uh3dxx004uupa06kqj91ui,MLV533719361,MLV5726,Electrodomésticos,"Licuadora Oster Clasica 4655 Vaso Vidrio, Picatodo, Original",48,http://http2.mlstatic.com/D_864521-MLV50231294479_062022-I.jpg,https://articulo.mercadolibre.com.ve/MLV-533719361-licuadora-oster-clasica-4655-vaso-vidrio-picatodo-original-_JM,500,688,762
14,cl9ugpzn3000qupb4qezcuc21,MLV550615126,MLV1747,Accesorios para Vehículos,Cables De Bujias Fiesta Power Max Move Ecosport 1.6 Ford Ka,8.9,http://http2.mlstatic.com/D_760627-MLV32828846269_112019-I.jpg,https://articulo.mercadolibre.com.ve/MLV-550615126-cables-de-bujias-fiesta-power-max-move-ecosport-16-ford-ka-_JM,500,688,436
146,cl9uh6rcd008supa08ayjkk9t,MLV558651594,MLV1430,"Ropa, Zapatos y Accesorios",Pantalones Joggers Para Caballeros ,17,http://http2.mlstatic.com/D_835678-MLV42709396117_072020-I.jpg,https://articulo.mercadolibre.com.ve/MLV-558651594-pantalones-joggers-para-caballeros-_JM,500,687,597
82,cl9uh3fei004yupa0ljddqrfx,MLV536242020,MLV5726,Electrodomésticos,Plancha Remington Aguacate + Vitamina E Original,28,http://http2.mlstatic.com/D_610660-MLV46081719566_052021-I.jpg,https://articulo.mercadolibre.com.ve/MLV-536242020-plancha-remington-aguacate-vitamina-e-original-_JM,500,686,859
108,cl9uh5m2x006iupa03w9guh44,MLV575695685,MLV424985,Herramientas,Cautin Soldador Estaño Temperatura Ajustable 110v 60w,5.25,http://http2.mlstatic.com/D_662090-MLV49276876551_032022-I.jpg,https://articulo.mercadolibre.com.ve/MLV-575695685-cautin-soldador-estano-temperatura-ajustable-110v-60w-_JM,500,676,516
135,cl9uh6e8k0086upa05g8t4nyz,MLV506441832,MLV1132,Juegos y Juguetes,Monopatin Scooter De 3 Ruedas Para Niño Y Niña,14.9,http://http2.mlstatic.com/D_950257-MLV43282299650_082020-I.jpg,https://articulo.mercadolibre.com.ve/MLV-506441832-monopatin-scooter-de-3-ruedas-para-nino-y-nina-_JM,500,669,417
66,cl9uh2zjv0042upa02ydog0mq,MLV573843075,MLV1500,Construcción,Cerradura De Pomo Para Puertas De Madera Tres Llaves 6vdes. ,6.99,http://http2.mlstatic.com/D_686920-MLV44604964000_012021-I.jpg,https://articulo.mercadolibre.com.ve/MLV-573843075-cerradura-de-pomo-para-puertas-de-madera-tres-llaves-6vdes-_JM,500,667,301
139,cl9uh6kk0008eupa0uf6lzhsz,MLV582487713,MLV3937,"Relojes, Joyas y Bisutería",Reloj Inteligente D20s Bluetooth Ios Android,6.99,http://http2.mlstatic.com/D_994195-MLV50295131795_062022-I.jpg,https://articulo.mercadolibre.com.ve/MLV-582487713-reloj-inteligente-d20s-bluetooth-ios-android-_JM,500,650,254
84,cl9uh3h330052upa0gdcjnkmi,MLV556991193,MLV5726,Electrodomésticos,Kit Oster Completo Vaso D Vidrio Cuchilla Tapa Rosca Acople ,13.99,http://http2.mlstatic.com/D_944612-MLV49622620934_042022-I.jpg,https://articulo.mercadolibre.com.ve/MLV-556991193-kit-oster-completo-vaso-d-vidrio-cuchilla-tapa-rosca-acople-_JM,500,646,254
99,cl9uh5d91005yupa0s74ufrdi,MLV574301661,MLV1246,Estética y Belleza,Colonia Shaiel Rene Desses   100 Cm3 C/u,3,http://http2.mlstatic.com/D_636091-MLV32043758406_092019-I.jpg,https://articulo.mercadolibre.com.ve/MLV-574301661-colonia-shaiel-rene-desses-100-cm3-cu-_JM,500,639,308
119,cl9uh5wvg0076upa0ljq4b2l3,MLV575913134,MLV1574,Hogar y Muebles,Termometro Digital De Cocina Para Alimentos,3,http://http2.mlstatic.com/D_971285-MLV48245609067_112021-I.jpg,https://articulo.mercadolibre.com.ve/MLV-575913134-termometro-digital-de-cocina-para-alimentos-_JM,500,638,529
91,cl9uh3nc4005gupa08co5bj1d,MLV464330031,MLV1000,"Electrónica, Audio y Video",Audifonos Monster Beats Solo2 Bluetooh Mp3 Mic Fm + Cable,6.49,http://http2.mlstatic.com/D_838011-MLV44693506189_012021-I.jpg,https://articulo.mercadolibre.com.ve/MLV-464330031-audifonos-monster-beats-solo2-bluetooh-mp3-mic-fm-cable-_JM,500,635,411
96,cl9uh59dm005qupa08nevtyac,MLV566121440,MLV1000,"Electrónica, Audio y Video",Cable Hdmi 3.6 Metros Original Nuevo Full Hd 1800 ,2.5,http://http2.mlstatic.com/D_884511-MLV43629123360_092020-I.jpg,https://articulo.mercadolibre.com.ve/MLV-566121440-cable-hdmi-36-metros-original-nuevo-full-hd-1800-_JM,500,635,125
72,cl9uh34pc004eupa0thskdwoa,MLV706738908,MLV1276,Deportes y Fitness,"Cuerdas De Saltar Ejercicio, Crossfit, Gym",5,http://http2.mlstatic.com/D_818276-MLV50415294490_062022-I.jpg,https://articulo.mercadolibre.com.ve/MLV-706738908-cuerdas-de-saltar-ejercicio-crossfit-gym-_JM,500,634,82
90,cl9uh3mkk005eupa0qvwdcwfo,MLV706620016,MLV1000,"Electrónica, Audio y Video",Audifonos Inalambrico Bluetooth I12 Tws 5.0,7.99,http://http2.mlstatic.com/D_912900-MLV51131739344_082022-I.jpg,https://articulo.mercadolibre.com.ve/MLV-706620016-audifonos-inalambrico-bluetooth-i12-tws-50-_JM,500,633,878
88,cl9uh3kz8005aupa0lujviykb,MLV567151324,MLV1000,"Electrónica, Audio y Video",Corneta Inalambrica Bluetooth Waterproof,3.99,http://http2.mlstatic.com/D_836749-MLV51291997034_082022-I.jpg,https://articulo.mercadolibre.com.ve/MLV-567151324-corneta-inalambrica-bluetooth-waterproof-_JM,500,632,673
132,cl9uh696o0080upa0zefos0v9,MLV542064181,MLV1499,Industrias,Bolsas Plásticas Boutique 25x35 100 Unidades.,9,http://http2.mlstatic.com/D_729634-MLV43323375262_082020-I.jpg,https://articulo.mercadolibre.com.ve/MLV-542064181-bolsas-plasticas-boutique-25x35-100-unidades-_JM,500,628,192
65,cl9uh2y790040upa0xfk6co68,MLV559098832,MLV1144,Consolas y Videojuegos,Control Sony Ps3 Inalambrico Dualshock 3 Sixaxis,10,http://http2.mlstatic.com/D_852056-MLV51077849746_082022-I.jpg,https://articulo.mercadolibre.com.ve/MLV-559098832-control-sony-ps3-inalambrico-dualshock-3-sixaxis-_JM,500,627,374
140,cl9uh6lr4008gupa0kxnhcg8m,MLV544070603,MLV3937,"Relojes, Joyas y Bisutería",Reloj Táctico Inteligente Spovan Digital Caballero Deportivo,20,http://http2.mlstatic.com/D_934487-MLV31641626912_072019-I.jpg,https://articulo.mercadolibre.com.ve/MLV-544070603-reloj-tactico-inteligente-spovan-digital-caballero-deportivo-_JM,500,626,451
113,cl9uh5qrl006uupa0g7eagb5a,MLV549481143,MLV424985,Herramientas,Juego De Dados Ratchet 40 Piezas Caja Herramientas Estuche,7.99,http://http2.mlstatic.com/D_739156-MLV32621446685_102019-I.jpg,https://articulo.mercadolibre.com.ve/MLV-549481143-juego-de-dados-ratchet-40-piezas-caja-herramientas-estuche-_JM,500,624,240
93,cl9uh3osg005kupa0c77p5eoo,MLV566121430,MLV1000,"Electrónica, Audio y Video",Cable Hdmi 1.8 Metros Original Nuevo Full Hd 1800 ,2,http://http2.mlstatic.com/D_774920-MLV44977473999_022021-I.jpg,https://articulo.mercadolibre.com.ve/MLV-566121430-cable-hdmi-18-metros-original-nuevo-full-hd-1800-_JM,500,622,145
77,cl9uh3blw004oupa0aujgloah,MLV549292253,MLV5726,Electrodomésticos,Balanza Cocina 10 Kilos Kg Peso Digital Portatil Cocina Luz,4.95,http://http2.mlstatic.com/D_765334-MLV49183350647_022022-I.jpg,https://articulo.mercadolibre.com.ve/MLV-549292253-balanza-cocina-10-kilos-kg-peso-digital-portatil-cocina-luz-_JM,500,619,291
109,cl9uh5mw5006kupa00dytrfq5,MLV566130507,MLV424985,Herramientas,Esmeril 4  Pulgadas Y Media Usa,30,http://http2.mlstatic.com/D_798190-MLV49325905619_032022-I.jpg,https://articulo.mercadolibre.com.ve/MLV-566130507-esmeril-4-pulgadas-y-media-usa-_JM,500,615,939
79,cl9uh3d4z004supa0b0meb7ob,MLV708172073,MLV5726,Electrodomésticos,Filtro De Agua Purificador Para Griferia De Cocina ,6.99,http://http2.mlstatic.com/D_698501-MLV48752291100_012022-I.jpg,https://articulo.mercadolibre.com.ve/MLV-708172073-filtro-de-agua-purificador-para-griferia-de-cocina-_JM,500,613,688
151,cl9un9clb0052up8ojmtvwke8,MLV557491832,MLV5726,Electrodomésticos,Calentador Eléctrico Termotronic Tienda Física,209.99,http://http2.mlstatic.com/D_701591-MLV46186765003_052021-I.jpg,https://articulo.mercadolibre.com.ve/MLV-557491832-calentador-electrico-termotronic-tienda-fisica-_JM,500,608,549
22,cl9ugqayh0016upb4j648lv6y,MLV580074154,MLV1071,Animales y Mascotas,Bebedero De Cerdo De 1/2 Pulgada Tipo Niple Acero Inoxidable,2,http://http2.mlstatic.com/D_904093-MLV51507585743_092022-I.jpg,https://articulo.mercadolibre.com.ve/MLV-580074154-bebedero-de-cerdo-de-12-pulgada-tipo-niple-acero-inoxidable-_JM,500,608,54
13,cl9ugpyzj000oupb4kf6hm7kq,MLV552278127,MLV1747,Accesorios para Vehículos,Aceite Semi Sintetico Tek Star 15w40 Y 20w50. Importado,6,http://http2.mlstatic.com/D_947785-MLV46778161249_072021-I.jpg,https://articulo.mercadolibre.com.ve/MLV-552278127-aceite-semi-sintetico-tek-star-15w40-y-20w50-importado-_JM,500,607,395
37,cl9uh0hrd0020upa0jkb9mh7u,MLV702746271,MLV445811,"Arte, Papelería y Mercería",Talonario De Facturas En 5v Entrega En 24 Horas Minimo 2 Tal,5,http://http2.mlstatic.com/D_810977-MLV47747462565_102021-I.jpg,https://articulo.mercadolibre.com.ve/MLV-702746271-talonario-de-facturas-en-5v-entrega-en-24-horas-minimo-2-tal-_JM,500,605,183
11,cl9ugofa4000kupb4cgt5frkf,MLV704473454,MLV1747,Accesorios para Vehículos,Bujia Ford Explorer 4.6 Fx4 Mustang 2006 2007 2008 2009 2010,5.99,http://http2.mlstatic.com/D_621056-MLV51467212018_092022-I.jpg,https://articulo.mercadolibre.com.ve/MLV-704473454-bujia-ford-explorer-46-fx4-mustang-2006-2007-2008-2009-2010-_JM,500,598,303
74,cl9uh37jy004iupa0z1uf1omi,MLV512509403,MLV5726,Electrodomésticos,Combo Calentador Termotronic Kit Instalacion Oferta,218,http://http2.mlstatic.com/D_771964-MLV46153079728_052021-I.jpg,https://articulo.mercadolibre.com.ve/MLV-512509403-combo-calentador-termotronic-kit-instalacion-oferta-_JM,500,588,623
87,cl9uh3k810058upa0m6zac5nu,MLV713412286,MLV1000,"Electrónica, Audio y Video",Adaptador Hdmi A Rca O Convertidor Hdmi A Rca 1080p ,5.99,http://http2.mlstatic.com/D_684574-MLV49557283335_042022-I.jpg,https://articulo.mercadolibre.com.ve/MLV-713412286-adaptador-hdmi-a-rca-o-convertidor-hdmi-a-rca-1080p-_JM,500,586,676
23,cl9ugqbk70018upb4wgpnzlug,MLV496422443,MLV1071,Animales y Mascotas,Lever  Andis Para  Maquinas Afeitar Caninas Profesionales,16,http://http2.mlstatic.com/D_694467-MLV31249182925_062019-I.jpg,https://articulo.mercadolibre.com.ve/MLV-496422443-lever-andis-para-maquinas-afeitar-caninas-profesionales-_JM,500,581,35
110,cl9uh5nqa006mupa0rc9rmn7e,MLV580864464,MLV424985,Herramientas,Cuchilla Para Guadañadora Bellota 352425 Pesada,3.39,http://http2.mlstatic.com/D_860830-MLV51886025817_102022-I.jpg,https://articulo.mercadolibre.com.ve/MLV-580864464-cuchilla-para-guadanadora-bellota-352425-pesada-_JM,500,579,143
125,cl9uh62wx007kupa0cy61sl5w,MLV567081901,MLV1499,Industrias,Maquina Detectora De Billetes Falsos Dolares Y Euros,68.99,http://http2.mlstatic.com/D_606338-MLV51507499475_092022-I.jpg,https://articulo.mercadolibre.com.ve/MLV-567081901-maquina-detectora-de-billetes-falsos-dolares-y-euros-_JM,500,578,360
69,cl9uh32bu0048upa0o5hum3d1,MLV560500308,MLV1276,Deportes y Fitness,Kinesiotape Vendaje Neuromuscular Kinesiologicas 5cm X 5m ,4,http://http2.mlstatic.com/D_976061-MLV48504060204_122021-I.jpg,https://articulo.mercadolibre.com.ve/MLV-560500308-kinesiotape-vendaje-neuromuscular-kinesiologicas-5cm-x-5m-_JM,500,572,135
120,cl9uh5z0h007aupa0s3pwc7mt,MLV578622235,MLV1499,Industrias,Tapabocas 3 Capas Negras Caja De 50 Unidades Original,2.5,http://http2.mlstatic.com/D_714755-MLV51092187883_082022-I.jpg,https://articulo.mercadolibre.com.ve/MLV-578622235-tapabocas-3-capas-negras-caja-de-50-unidades-original-_JM,500,570,330
68,cl9uh30zh0046upa03v336a5o,MLV700099045,MLV1500,Construcción,Toma Corriente  Doble Polarizado De Lujo Plata Troen ,3,http://http2.mlstatic.com/D_787201-MLV48252187431_112021-I.jpg,https://articulo.mercadolibre.com.ve/MLV-700099045-toma-corriente-doble-polarizado-de-lujo-plata-troen-_JM,500,565,156
107,cl9uh5khk006gupa01ai8kyfy,MLV560948583,MLV1246,Estética y Belleza,Pañales De Adulto Mimlot Talla M - Por Bulto,33,http://http2.mlstatic.com/D_806026-MLV51370476068_092022-I.jpg,https://articulo.mercadolibre.com.ve/MLV-560948583-panales-de-adulto-mimlot-talla-m-por-bulto-_JM,500,565,154
24,cl9ugqdd8001aupb4a8zlebrg,MLV710893118,MLV445811,"Arte, Papelería y Mercería",Resaltador Highlighter Marcador Colores Pasteles Set X 6 ,2.09,http://http2.mlstatic.com/D_688151-MLV49403952536_032022-I.jpg,https://articulo.mercadolibre.com.ve/MLV-710893118-resaltador-highlighter-marcador-colores-pasteles-set-x-6-_JM,500,563,724
64,cl9uh2xe1003yupa07eibht81,MLV712806035,MLV1144,Consolas y Videojuegos,Audífonos Micrófono Pc-900 Para Computadora Stereo Headset,2,http://http2.mlstatic.com/D_711290-MLV49447769334_032022-I.jpg,https://articulo.mercadolibre.com.ve/MLV-712806035-audifonos-microfono-pc-900-para-computadora-stereo-headset-_JM,500,559,374
86,cl9uh3jef0056upa03sv7tmni,MLV710217071,MLV1000,"Electrónica, Audio y Video",Audifonos Inalámbricos Bluetooth P47 Microsd Micrófono,5.99,http://http2.mlstatic.com/D_836218-MLV51571500868_092022-I.jpg,https://articulo.mercadolibre.com.ve/MLV-710217071-audifonos-inalambricos-bluetooth-p47-microsd-microfono-_JM,500,556,1912
141,cl9uh6ni2008iupa002dnfj4y,MLV556728419,MLV1430,"Ropa, Zapatos y Accesorios",Joggers De Caballero Basico Clothes #freedom,14.99,http://http2.mlstatic.com/D_797963-MLV50848211296_072022-I.jpg,https://articulo.mercadolibre.com.ve/MLV-556728419-joggers-de-caballero-basico-clothes-freedom-_JM,500,556,1507
95,cl9uh58km005oupa0rz3eoqv0,MLV576077451,MLV1000,"Electrónica, Audio y Video",Pila Bateria Cr2032 3v  Litio Tianqiu Blister 10 Unidades,2.3,http://http2.mlstatic.com/D_721733-MLV45116082545_032021-I.jpg,https://articulo.mercadolibre.com.ve/MLV-576077451-pila-bateria-cr2032-3v-litio-tianqiu-blister-10-unidades-_JM,500,555,192
129,cl9uh66n1007uupa0g23igpf7,MLV573834555,MLV1499,Industrias,48 Llaveros Acrilicos Fotos Rectangular Publicidad,7.9,http://http2.mlstatic.com/D_739622-MLV44583578460_012021-I.jpg,https://articulo.mercadolibre.com.ve/MLV-573834555-48-llaveros-acrilicos-fotos-rectangular-publicidad-_JM,500,554,203
98,cl9uh5cjn005wupa0jafxhcbo,MLV706755483,MLV1246,Estética y Belleza,Orgasmatrón Masajeador Capilar Cabeza Antiestres Relajante ,2.16,http://http2.mlstatic.com/D_807096-MLV49891397439_052022-I.jpg,https://articulo.mercadolibre.com.ve/MLV-706755483-orgasmatron-masajeador-capilar-cabeza-antiestres-relajante-_JM,500,552,251
43,cl9uh0ok2002cupa008778nha,MLV703603223,MLV1039,Cámaras y Accesorios,Memoria Micro Sd 16gb 100% Original Detal Y Mayor,2.99,http://http2.mlstatic.com/D_879934-MLV51884907357_102022-I.jpg,https://articulo.mercadolibre.com.ve/MLV-703603223-memoria-micro-sd-16gb-100-original-detal-y-mayor-_JM,500,546,506
147,cl9uh6s3d008uupa0cn831l09,MLV475309351,MLV1430,"Ropa, Zapatos y Accesorios",Paraguas De Cartera,4.5,http://http2.mlstatic.com/D_858257-MLV51285133659_082022-I.jpg,https://articulo.mercadolibre.com.ve/MLV-475309351-paraguas-de-cartera-_JM,500,541,420
15,cl9ugq0nq000supb4qyirdoof,MLV559841149,MLV1747,Accesorios para Vehículos,Conchas Biela Std 010 020 030 Aveo Corsa Optra Desing Cruze,10,http://http2.mlstatic.com/D_658149-MLV48494846483_122021-I.jpg,https://articulo.mercadolibre.com.ve/MLV-559841149-conchas-biela-std-010-020-030-aveo-corsa-optra-desing-cruze-_JM,500,541,332
149,cl9uh6tmk008yupa0t8e5b1f6,MLV475218168,MLV1430,"Ropa, Zapatos y Accesorios",Paraguas Sombrillas Grandes,5.5,http://http2.mlstatic.com/D_983598-MLV52129874922_102022-I.jpg,https://articulo.mercadolibre.com.ve/MLV-475218168-paraguas-sombrillas-grandes-_JM,500,541,316
10,cl9ugoeh7000iupb4lph8sdcm,MLV566117489,MLV1747,Accesorios para Vehículos,Manilla Grand Vitara Compuerta Trasera Maletero 2.0 Xl5 Xl7,14.99,http://http2.mlstatic.com/D_883552-MLV51505748158_092022-I.jpg,https://articulo.mercadolibre.com.ve/MLV-566117489-manilla-grand-vitara-compuerta-trasera-maletero-20-xl5-xl7-_JM,500,530,290
40,cl9uh0kr70026upa0ymfnm25p,MLV579039730,MLV445811,"Arte, Papelería y Mercería",Laminas De Papel Bond Blanco Base 20 Grande 66cm X96cm ,5.3,http://http2.mlstatic.com/D_707071-MLV46088449122_052021-I.jpg,https://articulo.mercadolibre.com.ve/MLV-579039730-laminas-de-papel-bond-blanco-base-20-grande-66cm-x96cm-_JM,500,528,208
128,cl9uh65xx007supa01bj9kcbm,MLV570192372,MLV1499,Industrias,Detector Billetes Falsos Banknote. Tienda Física,70,http://http2.mlstatic.com/D_642147-MLV48950972674_012022-I.jpg,https://articulo.mercadolibre.com.ve/MLV-570192372-detector-billetes-falsos-banknote-tienda-fisica-_JM,500,524,184
44,cl9uh0pi6002eupa05xpijipf,MLV571531401,MLV1039,Cámaras y Accesorios,Aro De Luz Led 10 Pulgadas Tripode Ajustable+base+ Control ,18.9,http://http2.mlstatic.com/D_848340-MLV49325675328_032022-I.jpg,https://articulo.mercadolibre.com.ve/MLV-571531401-aro-de-luz-led-10-pulgadas-tripode-ajustablebase-control-_JM,500,516,456
78,cl9uh3cdd004qupa0dxejhl85,MLV574839509,MLV5726,Electrodomésticos,Ventilador 10 Pulgadas Original Fortunne Al Mayor Y Al Detal,18.99,http://http2.mlstatic.com/D_723470-MLV44824117292_022021-I.jpg,https://articulo.mercadolibre.com.ve/MLV-574839509-ventilador-10-pulgadas-original-fortunne-al-mayor-y-al-detal-_JM,500,513,701
138,cl9uh6jiq008cupa0jnkdyhe0,MLV706721567,MLV3937,"Relojes, Joyas y Bisutería",Reloj Inteligente Smartwatch Bluetooth Android Y68.,5.99,http://http2.mlstatic.com/D_778443-MLV51736085117_092022-I.jpg,https://articulo.mercadolibre.com.ve/MLV-706721567-reloj-inteligente-smartwatch-bluetooth-android-y68-_JM,500,506,1549
5,cl9ugoai70008upb4vs7nr8e6,MLV705325981,MLV1747,Accesorios para Vehículos,Filtro Aceite Acdelco Aveo Optra Corsa Astra Blazer Monza ,2.99,http://http2.mlstatic.com/D_602345-MLV52161770010_102022-I.jpg,https://articulo.mercadolibre.com.ve/MLV-705325981-filtro-aceite-acdelco-aveo-optra-corsa-astra-blazer-monza-_JM,500,506,541
105,cl9uh5j12006cupa06j1e8edt,MLV542545689,MLV1246,Estética y Belleza,Termometro Digital Lcd Nevera Refrigerador Cava Acuario,2.5,http://http2.mlstatic.com/D_993232-MLV49204971869_022022-I.jpg,https://articulo.mercadolibre.com.ve/MLV-542545689-termometro-digital-lcd-nevera-refrigerador-cava-acuario-_JM,500,505,146
97,cl9uh5a5c005supa05i782v6i,MLV582061340,MLV1000,"Electrónica, Audio y Video","Rollo 50 Metros Cable Coaxial Rg6 Blanco, Inter, Movistar",10,http://http2.mlstatic.com/D_894310-MLV46957907095_082021-I.jpg,https://articulo.mercadolibre.com.ve/MLV-582061340-rollo-50-metros-cable-coaxial-rg6-blanco-inter-movistar-_JM,500,503,270
67,cl9uh30ak0044upa0vsvoh2y2,MLV570815498,MLV1500,Construcción,Tester Multimetro Digital Yaxun Yx 9205a+,9.99,http://http2.mlstatic.com/D_655469-MLV41395180301_042020-I.jpg,https://articulo.mercadolibre.com.ve/MLV-570815498-tester-multimetro-digital-yaxun-yx-9205a-_JM,500,502,758